URL,Name
s3://rek-demo-imgs/andy-1.jpg,Andy
s3://rek-demo-imgs/andy-2.png,Andy
s3://rek-demo-imgs/andy-3.jpg,Andy
s3://rek-demo-imgs/andy-4.jpg,Andy
s3://rek-demo-imgs/jeff-1.jpg,Jeff
s3://rek-demo-imgs/jeff-2.jpg,Jeff
s3://rek-demo-imgs/jeff-3.jpg,Jeff
s3://rek-demo-imgs/jeff-4.jpg,Jeff
s3://rek-demo-imgs/matt-1.jpg,Matt
s3://rek-demo-imgs/matt-2.jpg,Matt
s3://rek-demo-imgs/matt-3.jpg,Matt
s3://rek-demo-imgs/matt-4.jpg,Matt
s3://rek-demo-imgs/matt-5.jpg,Matt
s3://rek-demo-imgs/matt-6.jpg,Matt
s3://rek-demo-imgs/werner-1.jpg,Werner
s3://rek-demo-imgs/werner-2.jpg,Werner
s3://rek-demo-imgs/werner-3.jpg,Werner
s3://rek-demo-imgs/werner-4.jpg,Werner
s3://rek-demo-imgs/werner-5.jpeg,Werner
s3://rek-demo-imgs/werner-6.jpg,Werner
s3://rek-demo-imgs/werner-7.jpg,Werner
s3://rek-demo-imgs/werner-8.jpg,Werner
